{"B": 101.35285097927517, "R": 122.49462207573785, "G": 114.28757347005208}