{"loss": [1.7208063653564454, 1.2389544718170167, 1.024255147666931, 0.9062852278137207, 0.8208819708633422, 0.7592029306030273, 0.7045977352905274, 0.6535264207077026, 0.6155919773483276, 0.577818477859497, 0.5422257210159301, 0.5070555483055115, 0.4872620169258118, 0.45993170002937317, 0.4320816477203369, 0.41426486011505126, 0.39183656518936155, 0.3689504107093811, 0.3512039757156372, 0.3394109580564499, 0.32309157383918763, 0.30514953948020934, 0.29342551984786985, 0.2828103885221481, 0.2740386904144287, 0.26307688197135926, 0.249291877450943, 0.2435308659362793, 0.2339310775947571, 0.22708460362911223, 0.2184398476409912, 0.21251849865436553, 0.205508890042305, 0.20267067900657654, 0.1981192041015625, 0.1912732268667221, 0.19113263914108278, 0.18416963235139847, 0.17129421507835388, 0.17280390364408493, 0.16749505683898927, 0.16761550510287285, 0.16086266033172608, 0.16376866753339767, 0.1586400271987915, 0.15514773662805556, 0.14590830047011374, 0.14834082273960114, 0.13943899865150453, 0.13692297035217285, 0.13993295033931732, 0.13512678869366646, 0.13502759148359297, 0.1325894586086273, 0.12857505027294158, 0.12518299600720406, 0.12669041296720504, 0.12373103772878646, 0.1191919009411335, 0.12123390048503875, 0.116038470723629, 0.12029720942735672, 0.10570888345956803, 0.11354644124150276, 0.1128624538075924, 0.10571977386116982, 0.11500680722236634, 0.10585149953603744, 0.10406435655832291, 0.10573812532305718, 0.10281387964010238, 0.1077257379424572, 0.10872231478273868, 0.09946589634418487, 0.09764611682355404, 0.09962609990805388, 0.09380858788728715, 0.09265049148678779, 0.0914212937271595, 0.09326970134794713, 0.09164441560506821, 0.09668990451097488, 0.091132179094553, 0.08994290502786637, 0.09146268188953399, 0.09594973288536071, 0.08947112069502473, 0.0868208708512783, 0.08499353030323982, 0.08561765209317207, 0.08386282581329346, 0.08379987481772899, 0.08295577887743712, 0.08355729517947882, 0.08264913998126984, 0.0801650172060728, 0.07940779245495797, 0.07760952835977078, 0.07912979813337326, 0.0774415501755476], "accuracy": [0.42750000953674316, 0.573199987411499, 0.644760012626648, 0.6854199767112732, 0.7114599943161011, 0.735260009765625, 0.7540799975395203, 0.7722600102424622, 0.7808600068092346, 0.7975599765777588, 0.8095999956130981, 0.821619987487793, 0.8266599774360657, 0.8373000025749207, 0.8461400270462036, 0.854200005531311, 0.8614599704742432, 0.8708800077438354, 0.875819981098175, 0.8793200254440308, 0.884660005569458, 0.890500009059906, 0.8943399786949158, 0.8998200297355652, 0.9030200242996216, 0.9048799872398376, 0.9105600118637085, 0.9122800230979919, 0.9161400198936462, 0.9196000099182129, 0.92221999168396, 0.9240400195121765, 0.9263799786567688, 0.9282199740409851, 0.9302200078964233, 0.9322599768638611, 0.9323400259017944, 0.9344000220298767, 0.9383000135421753, 0.9387800097465515, 0.9409400224685669, 0.9401199817657471, 0.9423800110816956, 0.9416400194168091, 0.9442800283432007, 0.9449999928474426, 0.948140025138855, 0.9482399821281433, 0.9498599767684937, 0.9522200226783752, 0.9507399797439575, 0.9531999826431274, 0.9523000121116638, 0.9526600241661072, 0.9545999765396118, 0.9563999772071838, 0.9553999900817871, 0.9556400179862976, 0.9570000171661377, 0.9575999975204468, 0.9586799740791321, 0.9582399725914001, 0.9628000259399414, 0.9602800011634827, 0.9606000185012817, 0.9621800184249878, 0.9601200222969055, 0.9619200229644775, 0.9632599949836731, 0.9619600176811218, 0.9641600251197815, 0.9623600244522095, 0.9622200131416321, 0.9656599760055542, 0.9655799865722656, 0.9654600024223328, 0.9667400121688843, 0.9680799841880798, 0.9679800271987915, 0.9674400091171265, 0.9675599932670593, 0.9665799736976624, 0.9674999713897705, 0.9682199954986572, 0.9685199856758118, 0.9665200114250183, 0.9690999984741211, 0.9696599841117859, 0.9703800082206726, 0.970740020275116, 0.9711999893188477, 0.9702799916267395, 0.9714199900627136, 0.971019983291626, 0.9716600179672241, 0.972100019454956, 0.9721800088882446, 0.9717199802398682, 0.9720799922943115, 0.9726999998092651], "val_loss": [1.35588489112854, 1.1424163219451904, 0.8790261157989502, 1.1705660564422606, 0.7858090019226074, 0.802873009300232, 0.76275309715271, 0.6859428715705872, 0.6534118240356446, 0.623428017616272, 0.7423157186508179, 0.6008863097190857, 0.6116701420783996, 0.6165087368011475, 0.5846282009124756, 0.6257742055892944, 0.5832515438079834, 0.6857786215782166, 0.6002081315040588, 0.6112978484153747, 0.5698873039245606, 0.6475550680160522, 0.6405388226509094, 0.626680202293396, 0.639475844669342, 0.5701038853645325, 0.5780430624008178, 0.6134126585960388, 0.6153686911582946, 0.6065443473815918, 0.6181708562850952, 0.5867267698287963, 0.5848356872558593, 0.6171688490867615, 0.6106315278053284, 0.599643460559845, 0.6291330924034119, 0.6009858434677124, 0.6338324221611022, 0.5997551023483276, 0.6435981743812561, 0.598163081073761, 0.6132299803733826, 0.6395296655654907, 0.7606481533050538, 0.6131219668388367, 0.65517666015625, 0.611409257888794, 0.6994708203315735, 0.6326573642730713, 0.6352415031433105, 0.6612701635360718, 0.6648639692306518, 0.6421953641891479, 0.6410117971420288, 0.6738382595062256, 0.65471047706604, 0.7100071361541748, 0.6427630908966064, 0.6372492453098297, 0.6613685415267945, 0.6472927349090576, 0.6718660485267639, 0.6730565598487854, 0.6581586526870727, 0.6563255088806152, 0.6620275097846985, 0.675373906993866, 0.6661365497589111, 0.6996914638519287, 0.7002661710739135, 0.7170918914794921, 0.6622713415145874, 0.6423191425323487, 0.7008588346481324, 0.6936543344497681, 0.6817744637489319, 0.7000377429008484, 0.6323023334026336, 0.6476569991111756, 0.6571763740539551, 0.6829029152870179, 0.6772401617050171, 0.6741009314537049, 0.699064642238617, 0.6842671329498291, 0.7099228699684144, 0.6795470170021057, 0.681070385837555, 0.6976442187309265, 0.679794416809082, 0.7035066507339478, 0.7612325883865356, 0.6880615234375, 0.7020282872200012, 0.6850799962043762, 0.6814102084159851, 0.6848838934898377, 0.667317662525177, 0.6975358342170715],