{"B": 106.25390909347534, "R": 125.14524921569824, "G": 116.12856107711792}