{"loss": [1.4836043619414394, 1.0701343422706064, 0.9019103285518452, 0.7882940714193514, 0.7070638067979761, 0.6404457874727417, 0.5904357778418717, 0.5522797227440565, 0.5142138149351769, 0.4882162760194774, 0.45599074978757387, 0.4328831295980853, 0.4108120873904656, 0.39096920504015403, 0.37015889074148484, 0.3507768995809234, 0.33228358070854574, 0.31961446103855645, 0.3066795894572346], "val_accuracy": [0.5863000154495239, 0.6353999972343445, 0.6022999882698059, 0.6837000250816345, 0.7659000158309937, 0.7278000116348267, 0.7184000015258789, 0.7942000031471252, 0.7361999750137329, 0.7875000238418579, 0.7583000063896179, 0.8021000027656555, 0.7861999869346619, 0.7803000211715698, 0.8176000118255615, 0.8271999955177307, 0.7998999953269958, 0.8288999795913696, 0.8363000154495239], "val_loss": [1.180106050491333, 1.0156512142181398, 1.2450651376724242, 0.9183921671867371, 0.6908025803565979, 0.8317893771648407, 0.8886254465103149, 0.6284970900535584, 0.9213201620101928, 0.6384825324296951, 0.7705581105232239, 0.6621161757469177, 0.6591714914798736, 0.7419262400627136, 0.5750363039970398, 0.5423712223529815, 0.6726727465629577, 0.5278906346321106, 0.5107557629108429], "accuracy": [0.4578460454940796, 0.6189923286437988, 0.6841557025909424, 0.726469874382019, 0.7563881874084473, 0.7799583673477173, 0.7957385182380676, 0.8105375170707703, 0.8240147233009338, 0.8350288271903992, 0.8444408774375916, 0.8532321453094482, 0.8588793873786926, 0.8667094111442566, 0.8743591904640198, 0.879585862159729, 0.8856335878372192, 0.8912808299064636, 0.8937439918518066]}