{"loss": [1.490682523627191, 1.0743553722298171, 0.8996896618301002, 0.7859923944225757, 0.6983909650381388, 0.6356755121515868, 0.5855788534763187, 0.5471637552077095, 0.5037933520994214, 0.4769063382691506, 0.447302551299706, 0.42395662204820506, 0.4039569321789447, 0.3803984161200183, 0.36139352990147855, 0.3478237976824691, 0.33121727552122887, 0.3188303942454621, 0.3020206722778527, 0.2898090441747951, 0.27674601229671025, 0.26825979849975945, 0.25597930483302794, 0.24340127319221655, 0.2369883113690807, 0.22294396405412348, 0.20991697093398476, 0.20326225021278121, 0.19636908138229922, 0.18883116222447746, 0.18007885366296278, 0.17469785158731013, 0.16574690010886817, 0.16269499798284742, 0.15502530125109135, 0.143365896931494, 0.13977794141981015, 0.13420312493745307, 0.1264258601124739, 0.12113246595017309, 0.11948515002480573, 0.10836299920668876, 0.10528998685184865, 0.09850908221079538, 0.09618302865848494, 0.09247313096799441, 0.08840446507627457, 0.08521319785892716, 0.07904868453349566, 0.07792368612214279, 0.07127462187408924, 0.06995359460848005, 0.06466618835214658, 0.062394074854542146, 0.060055543486205266, 0.05594109937826751, 0.053374291705809124, 0.05187445904436506, 0.05054582387611189, 0.04908658839444111, 0.04663349934491051, 0.04384223483273093], "val_accuracy": [0.5209000110626221, 0.5952000021934509, 0.635200023651123, 0.6848999857902527, 0.7379000186920166, 0.7699999809265137, 0.7333999872207642, 0.7864999771118164, 0.7696999907493591, 0.8091999888420105, 0.8278999924659729, 0.8309999704360962, 0.823199987411499, 0.8184999823570251, 0.8125, 0.8170999884605408, 0.8442000150680542, 0.8453999757766724, 0.8263999819755554, 0.8133999705314636, 0.8622000217437744, 0.8111000061035156, 0.8309999704360962, 0.8335999846458435, 0.8672999739646912, 0.8475000262260437, 0.8578000068664551, 0.8578000068664551, 0.8575999736785889, 0.852400004863739, 0.8276000022888184, 0.8421000242233276, 0.8715000152587891, 0.8802000284194946, 0.8632000088691711, 0.871399998664856, 0.8762000203132629, 0.8769999742507935, 0.8745999932289124, 0.8791000247001648, 0.8626999855041504, 0.8747000098228455, 0.8845000267028809, 0.8865000009536743, 0.8830000162124634, 0.8815000057220459, 0.8766999840736389, 0.8799999952316284, 0.8878999948501587, 0.8938999772071838, 0.8830999732017517, 0.892300009727478, 0.9000999927520752, 0.8920999765396118, 0.8956999778747559, 0.8913999795913696, 0.8931000232696533, 0.8920000195503235, 0.8956000208854675, 0.8938999772071838, 0.8934999704360962, 0.8998000025749207], "val_loss": [1.3603871894836426, 1.1633256336212159, 1.0600018451690674, 0.952135218334198, 0.7829508514404296, 0.7063224763393402, 0.8545339357376098, 0.6470347224235534, 0.6965040250301361, 0.5640525896072388, 0.5108245537757874, 0.49750946378707883, 0.5428821031093597, 0.5441143573760986, 0.603716223526001, 0.5674470624446869, 0.4694974932670593, 0.49106985778808593, 0.5453104791641236, 0.6090393407344818, 0.42928882822990416, 0.6615663932800293, 0.5613017635822296, 0.5433493442773819, 0.4331811196804047, 0.48531523303985596, 0.4768140977144241, 0.44095478868484494, 0.47075645594596865, 0.49171045532226565, 0.6381117491722107, 0.5494982867479324, 0.43659554891586305, 0.39855066103935244, 0.4688491555690765, 0.4449942671298981, 0.4301425354003906, 0.41611645498275757, 0.442969242143631, 0.4406140410065651, 0.5332284385681152, 0.488266900062561, 0.42433974533081054, 0.4216545390367508, 0.4481749306201935, 0.43128269124031066, 0.46625382289886474, 0.46899900817871093, 0.4235996981620789, 0.3947857555270195, 0.4558836546897888, 0.4055950305938721, 0.39159923684597014, 0.4290586588144302, 0.40746251969337466, 0.4241732901096344, 0.4164913888931274, 0.43225758714675905, 0.41027485871315, 0.4353331007003784, 0.41744541494846343, 0.41031754927635194], "accuracy": [0.45562320947647095, 0.6174103021621704, 0.6833346486091614, 0.7263897657394409, 0.7591917514801025, 0.7806993126869202, 0.7993431687355042, 0.8143023252487183, 0.827419102191925, 0.8378324508666992, 0.8480654954910278, 0.856055736541748, 0.8616829514503479, 0.8696731925010681, 0.8749799728393555, 0.880366861820221, 0.8864546418190002, 0.8914610743522644, 0.89576655626297, 0.9006728529930115, 0.9044777154922485, 0.9078220129013062, 0.9118271470069885, 0.9154317378997803, 0.9187359809875488, 0.9239826798439026, 0.9281680583953857, 0.9293895959854126, 0.9329742193222046, 0.934556245803833, 0.9368191361427307, 0.9401233792304993, 0.9422861337661743, 0.9435477256774902, 0.9459708333015442, 0.9503564834594727, 0.9505967497825623, 0.9534604549407959, 0.9558634757995605, 0.9585068821907043, 0.9593279361724854, 0.9639137983322144, 0.96453458070755, 0.9666973948478699, 0.9673181772232056, 0.9684195518493652, 0.9698614478111267, 0.9708226323127747, 0.9734259843826294, 0.9740667939186096, 0.9763697385787964, 0.9773109555244446, 0.978592574596405, 0.9792534708976746, 0.9806352257728577, 0.9822172522544861, 0.9824374914169312, 0.9842798709869385, 0.9840795993804932, 0.9843399524688721, 0.9858418703079224, 0.9864826798439026]}