{"loss": [1.5043727183945474, 1.1025976127479673, 0.9140942646730638, 0.8001733213157006, 0.712165044290597, 0.6498550224174333, 0.5898485858063788, 0.5517276203124349, 0.5202121770714232, 0.4878096193008337, 0.45780345367835296, 0.4371936858865322, 0.4108990492947932, 0.3904803943190961, 0.3698329323928389, 0.35379943826934995, 0.3407491248068768, 0.3262555914376264, 0.3069416787600678, 0.2928928657482924, 0.2787717658285146, 0.2697854510716466, 0.2573887730821208, 0.24619792212243646, 0.2355102599240083, 0.2236461720880848, 0.22076677236179632, 0.21073655842378788, 0.2005715322123052, 0.19250029018724701, 0.1793281434546083, 0.1706971978420766, 0.17081413444075513, 0.15997126717949975, 0.15779445410128093, 0.1484338736178897, 0.140694439506653, 0.14035331295520898, 0.12887299742856417, 0.1255155524399486, 0.11963724283139242, 0.11388348261561652, 0.1111764320811255, 0.1047427762312906, 0.09916272595553435, 0.09732517364916225, 0.08908432781175901, 0.08652471949831869, 0.0830884510663167, 0.07805725653410836, 0.07405552856363917, 0.07221585460895244, 0.06817331717303933, 0.06388373738163722, 0.06339637259027668, 0.05896648940311262, 0.05638580531561052, 0.05308441094068219, 0.050687477302855256, 0.04848560865387173, 0.0478893100306122, 0.04328861322502514, 0.045333080938774035, 0.04321611511941196, 0.04121401990283112, 0.03830965857079103, 0.038170009755369216, 0.03588218248136836, 0.036242265787359965, 0.0362431531376929], "val_accuracy": [0.5067999958992004, 0.6068999767303467, 0.6438000202178955, 0.7258999943733215, 0.7409999966621399, 0.7497000098228455, 0.791700005531311, 0.7768999934196472, 0.7513999938964844, 0.7968000173568726, 0.7436000108718872, 0.8208000063896179, 0.8352000117301941, 0.8264999985694885, 0.8177000284194946, 0.8349000215530396, 0.8151000142097473, 0.8449000120162964, 0.8245000243186951, 0.859499990940094, 0.8511000275611877, 0.8398000001907349, 0.8496000170707703, 0.8662999868392944, 0.8447999954223633, 0.853600025177002, 0.8655999898910522, 0.8636999726295471, 0.833899974822998, 0.847100019454956, 0.8537999987602234, 0.8270999789237976, 0.8755000233650208, 0.8805000185966492, 0.8384000062942505, 0.8547999858856201, 0.8618999719619751, 0.8708999752998352, 0.864799976348877, 0.8659999966621399, 0.8761000037193298, 0.8715000152587891, 0.8794000148773193, 0.8738999962806702, 0.8848999738693237, 0.8870999813079834, 0.8851000070571899, 0.8798999786376953, 0.8888999819755554, 0.8787999749183655, 0.8880000114440918, 0.8849999904632568, 0.8870000243186951, 0.8891000151634216, 0.8884000182151794, 0.8865000009536743, 0.8985999822616577, 0.8949000239372253, 0.8967000246047974, 0.8974999785423279, 0.892300009727478, 0.8980000019073486, 0.8981000185012817, 0.899399995803833, 0.8978999853134155, 0.8988000154495239, 0.8999000191688538, 0.900600016117096, 0.9004999995231628, 0.9009000062942505], "val_loss": [1.3635984941482544, 1.309305429840088, 1.04165036611557, 0.7963732545852661, 0.7659304298400879, 0.7264806728363037, 0.5994227252960205, 0.6666554990768433, 0.7888969488143921, 0.6138819356918335, 0.8329075311660766, 0.5398347541093826, 0.4766849992752075, 0.5262218515872955, 0.562946524143219, 0.517400406742096, 0.6058309041500092, 0.517133490228653, 0.5604119782447815, 0.4209789850234985, 0.4562665180206299, 0.5233856506347656, 0.4870397765159607, 0.42057222290039065, 0.5373729981899261, 0.47752986268997194, 0.44989387249946594, 0.45124300632476805, 0.5852222769737244, 0.5254128467559814, 0.4721392733335495, 0.6365393013000489, 0.4090716893911362, 0.38864071636199954, 0.6005031631946564, 0.5430568664550781, 0.47923860654830935, 0.47558668513298036, 0.47921086287498477, 0.47168387265205386, 0.4458841435432434, 0.4625660122394562, 0.4256350082874298, 0.4586548069000244, 0.41434566559791564, 0.4305842777490616, 0.3938756716489792, 0.4651975697040558, 0.41279870426654813, 0.4711649868488312, 0.40689873790740966, 0.41982508614063263, 0.4206222053050995, 0.42819201595783235, 0.4357679800033569, 0.448176508140564, 0.38976234169006346, 0.39368666224479676, 0.40966916556358335, 0.3900783480167389, 0.4291882901906967, 0.40911007866859433, 0.4042092800140381, 0.3959952681183815, 0.39484281506538393, 0.4035472469329834, 0.39080345911979675, 0.3870730331659317, 0.39147200727462766, 0.38878468942642214], "accuracy": [0.4505567252635956, 0.6051145195960999, 0.6789891123771667, 0.7199015021324158, 0.7541252970695496, 0.7752523422241211, 0.797961413860321, 0.812800407409668, 0.8222324848175049, 0.8341877460479736, 0.8422781229019165, 0.8508691191673279, 0.8598605990409851, 0.8671900033950806, 0.8726570010185242, 0.8788048624992371, 0.8826097249984741, 0.8894184827804565, 0.8946651816368103, 0.8998517990112305, 0.9049984216690063, 0.9062199592590332, 0.91046541929245, 0.9149110913276672, 0.9175745248794556, 0.9230415225028992, 0.9232617616653442, 0.9273269772529602, 0.9305310845375061, 0.9338353276252747, 0.9388817548751831, 0.9419256448745728, 0.940784215927124, 0.9449495077133179, 0.9455903768539429, 0.9484139680862427, 0.9525592923164368, 0.9508571028709412, 0.955623209476471, 0.9578059911727905, 0.958907425403595, 0.961891233921051, 0.9624919891357422, 0.9633931517601013, 0.9655759334564209, 0.9666773676872253, 0.9699615240097046, 0.9707425236701965, 0.9721043109893799, 0.9736663103103638, 0.9760493636131287, 0.9760493636131287, 0.977591335773468, 0.9793535470962524, 0.9791533350944519, 0.9805751442909241, 0.9820770621299744, 0.9839394688606262, 0.9840996265411377, 0.9849807620048523, 0.9848605990409851, 0.9872636795043945, 0.9860221147537231, 0.9864025712013245, 0.9872236251831055, 0.9888256788253784, 0.9891661405563354, 0.9901273846626282, 0.9896867871284485, 0.9898269772529602]}